,A0,A1,A2,A3,A4,B0,B1,B2,B3,B4,C0,C1,C2,C3,C4,D0,D1,D2,D3,D4,E0,E1,E2,E3,E4
0,102.61081471313652,19.623545617791294,49.375261178520425,90.07817391725058,99.9670427546445,71.25747472536705,99.70326679789132,96.91111869436772,100.77684770186356,62.0053077930171,13.409995376244401,99.62311480567928,99.64579579314587,110.5666079508699,55.381541321128886,16.186486723833735,98.72063092560691,114.84970474787451,106.04459199352479,74.55000220297988,62.75978810287481,67.17049008154024,92.36492514849058,19.547546068584804,76.66974813790739
1,77.45389401324361,60.92407958358763,30.23237313981238,92.28715784469883,98.38508826163877,65.65540867421979,103.47395369826636,95.74092265010499,106.25459375211203,74.08670179714662,79.15750601382207,108.99803552826329,102.29506806703999,104.66262431544504,-15.917602917066045,-1.141085092372767,105.83200225407927,98.8704166790617,95.2374669330527,95.4304481924787,84.2231199998374,42.276980263370945,55.51593353473054,61.07118556341963,58.13391825884124
2,97.58054046455872,70.5634264440834,75.74321435566327,79.3905436041353,83.61639610541087,67.44024302222313,104.28861065291592,57.36261131951017,98.63526753602878,90.47474055444125,52.09645105994229,97.54973049300331,113.15112613860997,113.57152205115197,45.285114930208934,18.39694323670277,101.69457925499377,93.90312844181392,119.50664785309488,85.30245391966574,62.78868222139179,79.37836350990793,87.08332809296266,24.50691192383333,78.26588573281431
3,106.01455136506131,88.88395212736765,62.76829754601173,18.24232460963104,111.4608742376048,83.12075313382717,91.46806118652894,103.34463565530879,107.59518278125856,81.02004956258179,37.2473337180534,104.51687343682035,113.05634913149447,104.19693587248024,1.2718261593970013,38.27992430303347,97.1119939807343,97.58168622875172,111.69889939870494,91.74026901141885,92.5750745184822,75.44459038100096,71.43305279241905,81.75085351948098,40.50562818834049
4,97.95193113310546,98.17336510705758,36.07512521799325,40.798671385800496,104.34689791137494,59.08072042675053,104.97342259136425,109.68218152523565,113.84460945654551,62.74636723922885,77.3038182035694,102.64408380390495,101.90585678686689,113.338457354695,83.24918894153836,-4.886432084558442,101.15368369801479,109.00038822200324,106.92998277885285,71.34823686830812,72.85656917937382,66.4519493286981,99.29013789270539,52.307260885409974,86.44052829837938
5,101.16555262979671,94.14126209002616,45.130555029262176,80.75507094251695,102.01391246020303,70.87551035194781,27.471300352347136,121.41650331588549,97.49415349025641,79.3805023965047,30.033030871343723,105.99583418714926,122.76561599627202,108.21168938304362,29.799268214834097,29.46911752262398,99.44417714101643,105.7932926796729,114.51678304122466,89.31647055311211,99.43648413891057,75.2339867697091,56.66181958991111,103.62349297864505,31.014741738399053
6,102.32328622447055,93.11687102694725,13.342100043796005,113.0043117905004,94.51712004970364,99.28052894434238,95.96446537505423,105.97606108037641,106.95825297794799,38.05982104205225,38.19304562822316,102.74824123557057,97.18298706265003,109.46994668159786,89.21942122575713,52.67102834271483,93.17386898738667,102.90846773557197,120.81831851620032,65.42545034373902,87.37785359764476,71.58107728370776,22.931978243819138,85.08685224508531,72.13729782163647
7,106.22984790565334,83.98191427867391,93.80032804864825,45.680029892338474,101.7159697219299,94.77074887259649,98.8376570464518,109.46249293896796,105.32994741547719,21.02090259562069,82.1767850672285,17.87537706117116,109.65787931176061,113.56326985183003,100.94159868727415,27.253367457907345,97.27299789640222,105.81537046443754,108.57798126828467,90.79542713384274,108.94519917079025,73.93156139451033,79.55780144866645,110.27671820529558,19.258881138068922
8,98.6606489921923,44.13695983640513,73.72680047287785,102.27259512512236,57.73433549144198,22.863996476707765,106.43025081343374,113.04186088562184,118.31602685087282,77.75157467178913,99.68397467987589,93.00655556312043,114.98434927255542,105.49818923389078,74.23253489035694,8.371091695121565,112.88330273628515,104.0216150189736,115.55947049649126,71.73965565464897,104.72649579064847,39.92707063295915,36.87772217492322,114.17484098341512,77.14411461275162
9,98.89419471140553,66.05375162092224,67.44206838485917,107.11143921603214,96.81596876599939,49.16991539257284,89.82599053585886,106.83592739248752,111.53091086938592,68.50416918998503,53.71997903657073,108.81819714472498,99.21873928817512,117.30717444631956,29.279192558526304,22.22065312718038,117.60919776744261,113.15313492088958,105.02239548606164,57.45440425303138,47.533912079532875,89.20411025269242,61.942826486335186,90.45937450029538,87.51418083532542
10,99.21734504606175,89.27596922536239,74.66585983953338,84.9985390425533,85.5869654997909,42.834679352932405,96.13490700506269,100.93969831744407,107.39491025092214,86.85701077242946,83.63259756309125,90.65394639223071,109.09962551631371,121.56958364608789,47.17076683244105,3.3640646816116573,106.34142674374834,116.60123823472667,107.43965510581734,93.0550505213282,91.77709747249217,95.9680255105942,57.00089924373803,107.73766459320463,49.849039306462814
11,101.89162646368159,79.88118631145701,58.36320587554888,84.14003778980297,50.140828228858,68.20680502062797,103.93091062945776,105.6548324099421,96.55523439485718,101.54949336542357,29.563735054542995,105.63922340397028,104.38241095792088,120.55638669317283,53.63013419390542,56.05472607485404,90.68732682149178,109.39678423083834,108.94650760660194,97.49956776134013,85.54164248765133,32.75263395332076,68.40741599194034,98.8657459739994,45.19705569724949
12,108.81676019202315,76.32820256995498,43.97187888942602,91.3317488248364,65.41173741767429,85.81197629026403,109.93747050399249,97.33788318114381,101.41519234723067,86.34557779741199,88.18132542407407,109.00873292189362,110.95315420600147,122.36220212580584,28.035221051644186,23.257674096258622,102.72486167636569,104.80258547838068,94.93216621641388,104.71519900923269,94.96677733145475,62.68765177268861,68.31269288743701,81.66796661580561,89.67914727230394
13,71.13870471770379,-2.8478888259189064,104.09370492653076,70.74029673641795,86.62580375946675,87.69137451785254,106.64420431789026,108.85851107626944,93.99597642238149,93.49197076578324,-7.950872552206043,108.09790926345723,107.58945876158677,73.34683104406453,54.22120445826553,69.51825120558685,125.5097746679374,109.30070713817943,101.97689609888656,101.2206354374897,93.2670660714632,74.05600034870234,67.91563938619986,108.60769340084641,76.73658475646705
14,96.89195860241182,83.88190435614645,46.127824204424854,86.87860742818974,61.2354862257305,104.77283039116354,101.6896695435084,98.67716423810191,103.62409064701556,77.02684443013963,62.84066899200572,89.40618049944483,83.64995243196002,33.74122940961865,102.30523605955376,84.04211541000068,112.48205766697096,104.62998781561485,110.97792348428392,115.25349105555574,99.98952998866696,32.85687916863157,47.91643335448352,95.46331310611373,87.75523700710471
15,105.5540020259939,40.79879919870659,77.86316446137126,74.8251128090018,77.93413640664619,90.37057812631805,93.4326378667995,107.13181659805379,111.67034692500185,101.04975010891174,94.39258710226484,110.3005975500777,110.7830291097945,94.67172924700137,64.36827420956318,23.32587550283458,108.98701313110774,111.36654573598558,111.01066784433004,104.52591075039415,80.77029104643032,100.62107735828486,76.34289224002005,109.79074896701155,-14.851510508639622
16,114.19286966401128,87.01413167972535,102.69522432418555,76.34921769742697,69.6672441681694,91.02083654419738,91.66126428990901,104.9696245112104,109.05415682992717,104.98534037610003,93.91732564838827,94.26971449437902,109.14953714356287,93.5166207810929,24.083302398994547,9.84798664313535,98.98921598872526,107.87630853996808,110.64398986102503,112.2490828692069,100.5603709458598,56.778678419171854,102.54986176058475,104.50397176850406,68.72001603149911
17,43.36294890283302,100.58811006835195,78.74569995011535,98.4515081296503,53.65139688891794,115.78935278159736,83.63449560356695,109.87810309346936,101.49019741491131,107.14451531544125,107.71620832822549,101.72284945036533,101.43137618778267,105.99967123316728,75.98289919158863,-59.86367734113368,115.42675116865126,108.61425186492755,112.82241218134133,89.19754102410175,79.8501774740799,97.2754473333469,84.49286546793262,54.37619004170539,79.40514869412611
18,70.21981476264124,71.95394437489846,111.10895771301433,88.18705607796866,100.79572508149715,46.74290220556543,94.01996998040872,122.54981208653928,102.14380769703317,88.45576200194778,102.54342124818888,103.94834914688633,106.31696671253017,99.63213209096972,64.84181080011757,0.8272639618047555,108.6713100641641,108.94830658962785,101.48044693747123,79.47377288719349,98.96410862174305,74.25057820263386,109.49543550564924,51.28981661829256,95.62918143031214
19,54.416405341235304,79.63851445573944,64.38107728733507,96.32155906056379,75.3399637476254,93.04242497949791,97.21028545091896,103.30100455048354,101.79834084350267,96.00367426023479,64.94833098739063,96.0837974948526,108.87776009727129,91.25292768378549,50.92144357284942,48.631762187034994,101.57858581506048,99.58056994381661,97.04688005288189,101.20063870373599,92.97616413030619,45.294546580734504,101.34656021128917,77.19753110009853,67.61259219496715
20,77.99640001315176,78.98703329059639,74.75911778801867,99.29801904221463,92.5661341334464,119.59251182780237,104.76783207318077,112.21537260560518,115.16622271336877,77.75817910787639,109.78894149828994,110.48701775060705,122.39578299256657,104.21210812068357,36.17648590352354,-24.252118380475704,108.8946486407107,111.85775661449236,111.13648603431994,109.2646882192122,79.01221566182473,22.59951382334631,118.96014608282506,99.93680041101312,-5.393203784354664
21,113.7451243083462,87.20765024500957,91.01095652669163,107.97520219649456,87.78721692015013,99.84332338666574,110.73032399401421,101.96451407952695,112.71009804491518,101.21143448155165,88.45748579707525,115.61505845615056,104.48756414516426,85.12083988210591,76.8771471436941,-58.28771136182334,108.74421815068993,107.09720100236973,108.78518555155328,86.59103825483173,107.57869222289077,57.99355566779006,93.62072121887095,72.87611542403403,79.46248275000387
22,65.08194145173273,83.52150819117172,97.06858817807479,69.27673019796086,102.08470207650146,93.0543735818097,109.04278632547133,117.3469349804971,101.93118455265741,80.21593603974615,72.26682898609506,103.71735687928556,110.75300446732247,108.30177583804398,59.812880005523255,18.815071499029685,102.45419909015784,115.17321639990637,122.66645500212627,98.54663549466159,106.47002817487012,80.08726359554555,104.11336463951669,125.0633068785152,54.53375878714232
23,60.84163447198247,82.9858706446939,107.62962105547993,79.21091700654861,95.42073660756412,89.83989634645619,97.233381915401,107.43367275337486,98.03073263772137,105.9009007557391,100.26124509303685,103.94358195167534,107.60372575698293,99.7648586871933,69.20583430776789,2.75368559988176,113.5025821999861,103.70039350235187,106.37507405303995,103.9231244167849,104.82092093483176,75.35902814040581,95.33688932677454,84.57846964479103,68.26098970075351
24,88.25776147459425,63.68927264784568,101.1651423098144,95.41792336858192,95.29525889848335,116.87370794405852,115.86056410823717,115.86000275765855,114.08281723922666,114.04885798932547,90.75385611712927,112.73431046889813,108.95545447302739,108.62456012935957,64.07561158028093,6.887907463237045,104.92172202902358,105.94481688417387,94.10692100228029,106.46946661554125,70.95003337476709,87.85615946018224,108.46904122210933,84.26372596078012,46.01964939695978
25,47.56484149889869,26.406826138035875,102.58215269284942,88.70517762964617,100.71654343194102,93.4338041076118,108.28217085339148,116.16421869036363,101.01431478523128,93.56096023077444,93.57538997895163,109.30815326890283,105.75874951658776,92.07762727441303,29.495922865931977,63.0028776885959,106.25048141072297,116.5695215543411,97.22928110295297,111.22554770489383,108.32798583200812,66.74180258909087,100.01321914165374,98.44485899030434,50.259731457375864
26,61.14121816048312,68.79354844740767,107.23561699136197,89.0842654002368,97.29392701895532,112.16036444206999,108.65010481914422,92.79429242325185,104.09497473508691,119.88271077223253,107.35860839981257,112.09428826828265,119.70356918460448,105.69355709089194,67.61770077737216,-12.419366018210388,107.94221342973725,105.78652608985456,110.91472864580747,96.48495866246277,96.8424187512613,86.93508056842094,56.87958899835051,103.67345803466928,52.59303738866422
27,97.28000354687697,70.68785662898624,95.64914807926564,72.90435628641414,75.98635820159926,115.17174747658306,116.24175583172406,117.21461208240973,113.90082377680753,104.40142115889205,82.46001911088837,88.04086310001085,105.7534919929044,100.6681560118344,51.1949094486981,39.6904963836235,106.38847184581199,112.77902349951604,106.0815008860529,105.20479497334955,94.90236950669981,59.90293949825917,105.83277487357775,62.83833801326532,65.65180093566416
28,78.81599266051906,74.22463460604085,89.454265366284,89.16388130166425,114.39251046604834,80.35388719368498,107.30661295706774,116.79574613520393,117.1352893071989,99.33860001027918,105.32381859271892,100.7447442160054,97.65990709342454,109.56416470301723,63.2589597437551,25.67337710564377,107.71746979394433,121.24406074159324,111.02211747469217,100.07893508218466,102.31993814210776,63.1022020366486,95.49141040502353,100.93889962143848,36.24802989664521
29,72.3806641644047,66.39176179954679,92.25711910522045,95.68133716192096,94.49847933840219,118.20874065537028,114.27380029294159,106.53685400734003,110.32868954652295,93.04593643547803,108.64841168330466,114.08802557179996,115.1937031065898,99.42424304800699,69.04802999497642,41.244609597454605,109.53581842630858,105.18517807240679,110.00215271576009,107.41083623828409,98.1087268360808,69.77343625926108,81.49771112160376,84.34718809017255,94.70022408640266
30,72.59862267906475,50.4745199781227,98.11387851846129,38.83720658700538,89.19279458024451,104.92282629808517,106.45481451522083,113.08563888761988,110.11595998048213,113.44099766485974,81.13089424258453,104.3589873056384,107.814350002752,101.2837042035664,7.199586757730107,89.44681734461072,117.60242041638708,105.79206432038694,106.77411875757703,114.02765675406248,27.080111181140584,72.33838871921292,98.31147372038824,119.13417778561127,69.54722083460477
31,95.62350631426112,89.25646385779771,99.34110906113271,95.0895785741226,95.2114243602581,110.12608259669233,107.95719995099698,128.1678316362172,32.59527047145252,102.03001650458906,73.13691937410768,112.7330474807632,119.91168192715025,115.2342721646362,98.61606414409025,21.289777191969463,107.25590306715964,121.80730478318364,112.91456299682076,108.10870234225736,104.2225321868983,45.43242882572037,114.30502243619335,77.47509581490654,75.72035247415754
32,105.40460248076756,51.693399427688476,110.1431831658458,95.2975587509969,86.29798283686286,105.23228429235054,109.89874950203142,116.52276032444163,114.70562935615197,97.10990488013506,120.12058167602002,116.76393327222678,111.59687893378762,103.09825802695083,42.211516677086315,45.810679148398506,106.4726496624707,107.8033643655156,83.04535988747033,85.58150602887748,98.01417811970808,87.07642366892654,107.88907216191816,80.05556728761857,56.4611771665205
33,108.03773681738997,64.149793380177,112.77967390466586,82.18883905895657,96.98045411254239,97.65329615086928,114.09576998671896,118.47733717365924,112.71988025525859,92.40245412573928,93.46661593201027,112.40474553560905,103.42582019616286,111.21659306059826,91.78440202291299,16.556882223344335,130.29681265235808,107.20825623688191,106.37708790739313,109.95989677281483,97.03277173172708,49.60042625349584,107.57209405823387,64.70845078698262,53.367826323809545
34,107.8493477532286,70.39261354342794,98.70483487299423,78.8646795090431,72.11833670139181,113.16150483237202,109.36582168519116,105.83687268022867,104.82436617427004,117.66411681746906,98.5990433193732,101.91522417795339,108.61136202974552,112.65202271161783,88.15107392904692,36.179859673517775,111.85997079522204,111.51363579462111,112.49330955969411,98.66145217016673,90.71045146943807,69.26072597969058,104.13465499334833,122.20079312128044,38.1314261470494
35,113.21820267769809,87.57117550950666,82.34016621352063,89.52481777125887,99.51531000047811,114.8050809499044,122.19312347113585,107.67801614996021,104.02285807195373,101.47484443663699,97.02328081050157,114.99484678185202,108.782346208499,108.47311273243199,83.56530036569711,86.80318509061645,110.09903484761203,110.69429185798766,110.33989987661172,114.1876517127536,92.25644991979584,91.72548143690953,67.61011184033046,79.76881226674259,66.64421501030095
36,78.07707200713749,85.86102367233057,103.65228407974739,95.86898969862717,91.02083148141335,111.04481798747474,105.22006360425452,111.38793231590945,104.68737109851897,99.07143919826089,104.01220651214237,111.74841577501752,102.2073187621361,117.3910581859797,81.79261076916178,14.157007286515503,111.466547544175,120.49862155735327,99.51165919497967,117.52610759648455,84.38635219668319,73.4246654593071,83.66501286014287,70.04824723419826,48.619156092969114
37,95.19769776512253,72.81706362824964,77.1546517605078,89.01867690658885,88.93173548527754,128.51215015764114,106.99145938203792,113.72518621250373,107.58632904706326,103.35940107001998,84.42945479046682,118.26175711497648,109.71363734445063,120.97740364903669,88.98251173031282,69.46122698180204,115.65888405533246,112.11791690734388,97.24030759995773,62.33471524231419,73.50524231763471,62.9651210637455,87.73907823341685,83.23167594002334,64.48665292754137
38,64.63015867040615,92.41838630039256,100.04771213983246,85.43202658531057,81.75078821482504,106.08183207745527,94.17246670150881,116.08627363113902,109.71731706193152,94.07048402556566,104.82270158468502,114.91956075008069,101.63174525087172,105.8744437621556,91.41104290039658,61.1558782774213,117.17009647217985,115.71636670857683,116.92386617645496,101.26146285260369,91.76919596602283,64.87698718451661,117.10710637724426,87.82549622183585,36.22265648581517
39,66.19310739624582,69.09657256574799,92.5385678381111,66.45055182721968,89.67051584759801,120.71710662309742,94.64407782442949,96.45117002014221,106.4587178303444,105.68757971265985,105.43967521265529,111.48146401918969,98.93572887100689,100.07980006242573,58.1714295132481,75.5811498273477,112.69353191022509,107.36388856153772,106.14961982636594,93.74205900536056,80.24128972651069,71.35489004441528,103.55998197358366,79.49015522323499,56.49425820460157
40,94.39842455559976,61.933854817724594,86.10949227326721,85.08083154291738,102.26168141548398,95.7260447521576,115.77895120658671,112.25314376209076,117.54937559432773,97.18842034957025,81.50743416811574,100.61608050474734,119.4942934622766,113.94142164443078,95.25918850651863,99.87422471802002,111.22015159387288,105.50301742576575,106.80430576642242,108.57653889270334,79.70670456938447,66.22847406153814,114.18043617448363,60.437900584855335,51.00153761892857
41,103.38224633148879,53.98532314146889,53.931772581098755,88.31736398858199,106.77488096609899,124.60281769575758,103.79774229772738,111.45325172369247,102.02854984911916,89.16437003826577,90.70294133081704,103.52436263465539,116.77812753255108,105.57017457799986,89.40919193919162,56.834761565477976,106.49696639902145,115.85158311894244,123.88371340494055,102.02751285819353,105.31626593670005,41.43263767543823,109.63379963557324,82.94907059146942,51.11942754517162
42,98.5876753843273,72.2841107878907,94.86979896384958,93.30226770918475,74.0556708027635,121.40077310563278,103.80408932583744,123.11181107761088,123.9741563255514,105.2036866924865,102.49306508846436,103.6331034382118,121.37438927991616,109.88370954493213,84.08823729058909,75.26657027999936,100.07535075216357,100.82738749981603,109.068573516725,111.49161865868946,97.0724056321817,79.70159420188537,115.41985624904643,85.6433721161838,59.96156689229134
43,108.668315828839,57.95637096376392,104.03554611019335,-3.5523644702391763,77.25755997525667,110.74520742683546,106.60611427073687,111.23595591412311,93.50606151930246,103.9673404565746,88.27786172291928,112.35697247352502,118.75839699912937,99.43892704849331,111.19596603430473,55.60419521382947,115.0086848108886,111.8163168755185,110.46887322119731,103.51187156130126,84.8140543408175,64.2213525694884,96.4311734124012,73.98186144688829,64.14182618456708
44,87.55772593892087,76.92475583372796,76.06211713182212,35.78062601557315,102.05662888120582,122.70490337587901,106.02253129171746,118.92291860085446,95.93478611067866,89.3148905070459,88.4357319342522,119.93801321938683,120.75973057225282,108.259252057081,90.24626678910093,102.79559134144277,122.58126979575734,115.30216850806548,116.48125292415119,112.77986506416103,76.96668098123715,96.20714926674302,101.36545559979315,89.85490162258425,57.40309326671827
45,116.62704595778969,93.91056890883952,85.66742053965099,87.1214167929159,100.97948894272159,78.07276428776308,112.17230009552209,104.89851439785396,106.39491753829387,87.42604360808825,139.11847213226503,124.23362710170514,112.39149162970324,111.15638141963552,94.39391921073768,80.04031715369666,104.46352398198047,118.38608333746816,115.97330528455771,113.02383872533422,74.89678386514326,46.60547412496619,109.17080395668893,81.60160775582891,75.62052742243233
46,108.37635090295093,81.92861229558707,101.94252823237542,68.08677426600835,95.98449793306662,113.88675329608874,108.78552149118826,114.24151080332581,118.28598080656046,91.06829438151723,83.48706698057018,113.14022722776613,107.68702829820324,111.63782440585906,110.39068168467432,129.85224143725608,117.26848268066269,115.3945595604884,110.18564571106806,103.7597877652897,80.59089596576179,80.4921364872254,82.72671929391407,116.565356095993,50.159949020876404
47,101.16828077058858,87.60599489959907,43.832328283810234,70.96088397614947,97.04128455344386,122.10144007211862,124.66205139368822,116.84680356516522,107.91312715850397,102.72353210344379,103.52563824618795,122.10435792211443,122.54495567933996,108.21667840043254,63.63984836750849,116.49237040451293,118.94160015827089,105.53320993077837,114.52510537013612,96.74194901364862,70.61220573681253,53.07768302112164,114.98809181701361,92.33417570073296,73.46496859167253
48,62.54374618501479,82.39682350174526,101.17441479596926,67.06201643600933,78.76749804367482,98.70266658651771,105.87910443300574,110.52991183532328,120.97087390415776,103.13131559146402,83.6014173191304,112.71623350327347,109.66173945894795,104.45044769733674,83.31732538331808,114.41109422171401,125.43398346470568,119.26310677038767,124.52443770126455,111.55642442113937,64.5380827080199,66.39288657735413,88.50126743491221,94.49525861402113,52.496785533471424
49,71.5436906732398,86.61236400767629,99.37120557448323,80.06149390589798,87.438017888089,146.80735990985644,99.69614545542176,111.5364012161551,118.12309662964492,107.33619812906994,69.50617504801309,108.16156005098546,114.13345586813078,103.91096808909461,58.83529227776129,122.01088138003581,111.01120063318224,114.31317042727143,119.48715356187205,99.27313783381584,89.29275679127802,67.82401594317962,113.08699138256425,89.95527613722926,81.35132759137679
50,74.95293761204945,131.65907515547426,109.88986668951112,79.05157882323898,108.65806682671712,140.97723648101598,108.94411287054508,117.0587600277181,112.65327542194585,76.21141553961431,95.54926492083766,124.10871790932278,113.5291986115761,105.264529981072,75.63713524028098,115.20978467200969,116.75910203259537,122.6052199297254,109.57833275531885,109.38768709205728,47.03749296128574,71.58753905758581,96.82714104561543,84.48190222849291,83.1407271942247
51,85.31686231024125,86.46244663692154,107.00518956012749,102.84993353208024,114.48667557235858,113.88726725222688,117.59115320164699,115.15006537270266,110.6440067441182,104.37741233196536,56.123688014147156,115.37473871872506,117.3195831679729,108.02237875616777,100.02185480275134,132.455416299941,120.0156367203331,112.45002359120728,107.1258381972493,102.20572707037661,72.64244285791887,79.09146372479603,108.52109364018064,102.19440409522697,61.79967516103359
52,102.81741117213858,73.78141225924111,90.31790713227254,106.47620930556205,73.37839735960128,120.59886997722113,102.11197926589789,120.64659716539114,111.466325383112,113.5904110731082,82.75191898190124,111.75758355452244,117.49383788435703,113.97177917497743,63.73568332318407,118.93963311460034,110.48356369782296,108.19740166603874,119.39377262878406,113.79178247935793,93.15891161700303,37.60237879050871,97.5226372940036,93.29269288457645,79.57890680050936
53,104.1022076318904,87.2100212330225,99.14287535682875,91.72103086217732,82.17251278858362,115.16022423085327,114.38965644103016,106.57448519865838,119.29809190978882,104.21918105152847,98.06819440725994,107.8101409945863,117.68732079452214,108.17332431163581,104.62655634852736,127.71438858684192,120.85953671965905,114.336717723697,103.67616494165512,111.41073883890564,64.60838094777046,83.06055129351104,111.52851904939489,118.85035455710829,74.31617753510244
54,82.05923084424272,94.02075313589597,71.73358761642498,98.84122014903143,99.65645336151263,109.08173494056257,108.27423532513357,101.27069097380262,103.62166225875083,98.56239110414012,80.26482716305154,111.24860986122776,114.22345882016204,102.76706130830456,87.08737198648986,115.82244214991762,115.60899230873225,115.44131177550591,119.19844000846282,106.00270955169616,68.22617072567243,91.71652198172998,98.08052708077848,77.64658863222895,81.76737086813574
55,117.9213673435783,74.53127549363825,110.57619592928073,104.2679768359527,92.263163462453,125.18573110279814,112.68586046019777,117.49372238757101,112.97941805629561,108.85311722243044,-10.707737859804203,107.71312881297749,108.63381550007801,107.2980465857894,106.83781271844978,97.2657682535663,112.13503041870922,115.06604309902843,108.81938230363498,118.64919265228343,107.97111664585435,47.90313321441502,114.82857293148568,120.54188125103019,56.79383985252967
56,81.41670125402348,88.84094570196415,94.98745270314751,97.61516936309917,87.91157389998563,162.41346837188885,97.82573137043184,113.28174548320348,114.64369237348582,101.41380179008895,76.16245925674995,105.1626139119111,110.53453037414725,111.80536204379057,74.49756083096145,113.39314849300482,118.3741936735606,116.31524893221255,117.02311496807597,124.82950688556679,83.72313390512143,65.4669781783467,92.7285496261277,109.63867314552516,58.68623546446885
57,96.32583988587349,115.26729700602183,71.62000121556518,112.92928035605543,96.01685255625078,115.80367464073007,111.37095596676649,121.47815928859647,114.68602925253121,85.10398939065531,102.8446829581003,124.16749868282702,110.64672312680077,108.32704215408467,79.76206426126234,133.51309628326766,124.64111002713061,116.19522017949684,118.3506569214591,106.08184588861582,85.40246994892996,58.360643674071994,97.34535569843271,137.24929904074128,29.984146616576016
58,127.78004825730804,80.7274995719532,78.4919553613722,99.25713740278681,93.82903060156731,123.27686202029653,114.31957358236998,109.81295636698246,113.91243418554177,100.14417760152281,78.80202341818301,108.35510435282197,115.14151716636887,107.38598652252166,75.36800781229734,153.80610555349986,107.00155799104516,113.15258665270893,123.59107402821223,113.84648600931561,92.22842746042005,59.38640657390876,95.93004976409888,114.67497776420923,57.0602875612861
59,79.6721669592946,74.45648449703796,94.1395254677668,93.40322612697057,73.71202692610336,127.47932751904159,100.05997521552598,117.3244692734538,121.12757809252032,104.33564278316629,112.00012743604226,113.24511867182012,108.90909494230017,108.5871042899127,97.86005921552811,135.63161560101364,113.4759507025977,109.45863359503308,111.70194744972416,108.66227555909957,69.80829135283595,65.78889265169914,87.70537210767465,99.57735463343869,85.86850299804699
60,103.64298260262137,59.66459187272068,111.0640502348027,74.23460231621446,105.33537855120281,132.72417564307523,113.26847591849057,101.54456295309333,108.3863572635497,96.94280568447934,75.3620409185757,122.22203980352077,104.71249608957437,109.2662860080174,97.47944131565572,120.28925967151027,107.87649943159084,114.72332524896335,114.23456070202958,129.68111643818582,80.71605352571243,59.236375293106136,115.96462602868145,91.4587470056424,54.78871475481043
61,60.07814089310869,84.7425568690584,112.41054693022812,101.7244215905836,54.97959825740069,117.40741030987915,101.75396407820467,119.71295140085788,113.00529329945142,129.72071759106694,81.60115720211769,118.97540673046039,115.45019303699716,105.2749053951595,90.39385592560254,110.8985891974881,119.88261232380275,111.90565138176395,120.66233271910949,105.26878366663358,80.9597212058552,70.43816494107439,91.75160508992208,89.85250999208881,82.77494501268392
62,92.27654227526759,79.25385097305835,110.06429160726665,79.15437188520993,87.15037766019705,125.52819194092068,110.6272838668359,107.01008369476861,121.02603045468774,94.04398040652259,95.81830533750559,120.76073105502157,117.03204908368512,101.12126871578754,106.86540951518721,110.00471659959632,122.23695054670983,107.57795818536178,125.17918369595446,121.28066243476408,95.02645234307289,46.35976768965398,107.1401035776737,106.64761864632,80.9929781054049
63,113.08804323735835,67.21095367252671,94.74548251971414,97.54651973798728,79.17076812818917,98.00886177508849,123.5719617634632,109.2042936953888,115.23202752798449,113.83145476399017,75.7604278748928,100.48850037083817,112.29838287890999,102.6513506337684,76.98541147218388,147.32069589978238,109.84759227073634,119.51809241549645,116.65441888474312,112.42529346322287,50.087914778502835,75.92841774865215,97.6644929325692,95.86770140927169,73.9414460613398
64,106.13249276684779,72.17094455285554,113.02705474288867,81.88482901675108,99.82216697665804,147.2234715088359,103.92762733830637,121.05873039698335,105.0323101643223,101.157277155667,70.36712986612562,112.13378559311387,112.15690550625966,105.85528491913163,105.84909210236599,117.65689381656642,111.85528602645955,115.59194237217937,113.62281468277469,111.65896446222072,105.05364448598277,49.25324769109005,100.41992333532242,94.28529832202001,50.35020859723355
65,88.49330381143392,97.99860680166874,117.26677866410411,102.84552342571855,94.30342514918102,125.16030078968326,121.72771657783275,112.7968907525008,111.75539872077857,113.35495385011089,100.14867370095666,111.69213855759423,112.72099111591271,111.35788387884388,100.55663688474394,111.43610456499778,115.35869341788573,110.19761567779962,112.64805242032125,120.23598321110657,61.9087224287764,84.69709072525538,102.83524311605318,112.24007840535907,64.26521675049868
66,99.2800044834508,92.90036998243336,136.22472094411935,71.33818475904519,99.44130559121062,110.533950124004,116.62559674634178,124.23181942962172,105.73884243874147,103.28236750294195,113.21755383287382,107.86691629016612,114.27100348556196,104.67982027347156,89.80738578146801,107.69864855644013,108.47318388043524,113.70095911958443,114.26979471392467,118.39608507180826,99.08333286485193,84.89272901260216,107.56759425279171,68.90981318902998,68.92150894247933
67,107.31179999768486,119.16539002324943,111.42838562698178,81.38916168426644,91.2846193940894,128.03042547385905,107.3162019299401,117.89558369458123,105.31869416994002,115.15279983833109,114.88866548307062,105.62115621232948,107.69518492546332,107.73587406334701,87.67328519761499,99.3676072490649,112.39249788183865,107.9658596212701,109.39076527152206,109.24990491327618,117.15152854511119,64.88172864251527,104.26187509677585,112.95380748931612,57.845840765565235
68,102.173931895049,85.75175244152578,86.58235505325801,99.78810152500166,88.86324690752284,80.25099188163378,117.0139700765694,126.00177990462431,113.33915575231777,112.42141571484322,112.66541779759342,108.45403049996648,110.71904015469255,99.00777443952512,92.93956051622848,118.48990170225692,110.00127444911384,114.09757921170232,114.64161797251293,108.27358502295932,96.63822624908046,58.23356762715753,103.71238443714157,110.85458000398326,78.16647793825308
69,96.46979330585243,87.60638234011601,106.2925447656896,81.37006714753959,93.51287274058082,121.39599022648329,99.95809046443388,115.90337500932434,109.8341029830566,106.47030250216513,99.04131328592183,109.62573300423485,119.65730271149222,105.54217983907708,87.80240102870266,124.4569264811717,111.16496455216657,119.45317382070729,107.05569982564587,118.53168484382691,98.57749609879166,71.66210143045022,110.5478501012693,106.37857739169436,65.33883908660076
70,98.73144441901486,64.68944278341927,107.86769849161716,95.18397497788786,92.31011776547855,136.00014463893058,110.97161800216453,111.1647176727775,106.0944207688729,101.42626302178334,78.69359496473585,95.8140848342837,115.86780387060365,112.93610606749117,77.86759295077331,113.26448346046952,109.42749349457131,113.03178494550686,118.94839552843958,116.56308430412675,91.540843319456,71.3560311953562,105.08121392393018,134.78210036933012,70.1345928798307
71,93.02555301471693,132.73095482054825,63.45187050131939,117.63566953111977,110.19852089024378,102.2291976580231,93.54775592536089,103.96125412203823,105.70302655330265,92.64943893152736,83.61813122485727,104.03789005184241,105.4918164943476,106.81553974180422,111.26787701635055,123.0403118457804,110.90845698643182,114.063211092978,106.38888920492104,102.05223555063479,88.98829712706718,68.65707334385743,123.08916718312821,97.11974847326087,69.417927196185
72,102.87908549397405,63.53017695921429,98.93491615176721,106.76330853707364,76.93371099263892,101.58948175102482,102.9195870492542,123.48783146814952,108.64404429270097,115.35780790103009,84.40884462663377,98.80492577264958,112.90653856406678,114.62217904392402,81.52062979551135,163.95028817239108,112.90910520592409,117.06663796780066,121.01545002931253,113.22235704930428,75.50846098386326,72.23699066201418,100.74301368069767,122.41936662750429,71.63949480883943
73,80.58484353173294,83.26177473497536,122.74123835804392,98.45357647619524,101.67442861960347,116.66912774228996,110.82807346978957,122.66274121482292,117.71324260821234,96.75193917527105,115.77907903708984,102.31723529804356,117.31324305066198,105.3313457254854,87.61175751800742,110.62318269680628,114.04845927277385,112.31242163672383,120.42904035240505,110.05257224170796,74.92064885003458,89.30783304178041,109.69815807066685,100.3876484420154,78.95079032913361
74,102.1531575000475,75.4734285915353,85.05240337789822,103.67863260286934,86.37570736469186,109.28796905008544,103.5761058297309,110.81461030857899,128.215656344427,119.13783172169727,109.41687313971212,130.67999418302742,114.38243450237755,105.3796729504676,78.72379596699993,137.4751633805485,112.41710775502955,115.78976570187587,108.1398015095864,111.15072268323252,88.97662059856869,78.38664132049617,116.37272813637172,141.30744462117065,70.34682533968197
75,81.75966398514963,97.87139376137895,103.34433282907494,90.49324950648354,107.04496562416223,135.46020590304744,121.97256539978652,112.80361626806092,112.84812194139258,99.83087134233239,105.54060382910843,112.69219427406583,110.70016404299182,110.35454204699445,94.77227291058303,103.01326706392797,111.63427635429129,111.65923104081759,116.22727856772624,106.70015826493014,78.48697091221169,90.02206803260472,110.36239939703967,115.82101714126898,80.50004547032022
76,112.39919756910805,64.7585348848567,115.7877818806431,105.67926929705241,94.18245524889535,135.77127498440748,110.7753615703868,108.8628686672033,112.15010508988192,75.33153451815498,30.70392478627007,95.80175131160232,103.88417523714097,105.94866069164166,132.51861021734592,81.15679828988021,113.86835141314278,112.9484389141032,107.74001684499099,117.60167446002883,85.61093589886384,88.28559055331539,104.06677522427452,115.04252184933193,60.484007583691806
77,111.84276207826107,72.42287039022325,132.41955484280118,92.04178321835472,98.3736833990932,137.52883095285858,112.95667301228583,115.29252188289422,109.79748889414753,115.08053859034196,109.04337716582997,114.53097161626769,117.22609656342115,112.27575321314586,99.51215993143792,-10.889731401110213,117.86339319675639,117.19820750746884,118.57655951365138,114.26555196867707,94.58026866709692,71.26742184676077,135.42080939611188,131.89303308972794,67.97537598142766
78,110.16558658915045,48.01888833021591,109.59007076176601,104.45235293315417,96.08927769695867,134.13821203018728,117.94993522141709,122.89031607442122,108.6548127856939,118.23456573449657,69.0599920135246,97.40302733282566,111.99579653894797,112.60542982997687,76.2011793976225,120.68283747396603,121.31037510057656,117.32356918447428,115.04535375415294,132.3930350081722,110.13983676116096,67.69767504283264,103.9782594275146,141.44232395411197,57.33538843976491
79,110.6373775342191,65.53538445833217,122.92840017633796,96.28058998042717,107.97027010481828,142.58630975961182,104.42935616537275,115.84183135607032,99.70134577638068,97.32665451172907,94.86335356887446,108.5469642274309,106.83433756634794,115.57756954401167,99.18344595037198,135.20341906078042,107.09799567760908,118.95279301597681,111.38939525081243,133.0206631346017,90.17919534845221,78.4620044869105,133.68386900301635,118.26447987528157,69.29534019279734
80,99.56411935853619,59.9318720362228,130.54683989730782,104.29787214293448,91.38363938733646,103.02957792683361,122.60882686168948,107.3397546444997,98.61696787045393,122.11579670667044,79.44289522256622,112.23608883185533,104.12942578291357,112.09887535083683,75.45391374142086,121.24088828431191,101.73275666534235,115.38342716422896,112.7795669573888,139.4943469114162,92.9653198471073,84.48049731716365,136.5615255247727,126.76454236444408,58.39271966064605
81,97.00468636415715,92.37157153189854,102.4648344377251,104.6698689516295,106.51303880400305,130.1813781693816,111.42597662713561,113.18522446540075,108.55389332848029,130.08202250227413,68.20032605142906,104.66686315710665,117.60169340444244,108.19942710163306,104.47548110730483,96.17161023491799,110.37672865605398,120.14512746692454,111.88229578164041,124.87467133820005,105.57785349229792,81.61017403335906,125.35471168899214,129.63736217361642,65.32134440213254
82,96.30698424477148,38.61606837818812,108.77559100120811,113.62466663212734,107.26665549354574,124.87961458336108,114.75648039818338,105.66983317106842,111.65035096732812,119.55879303414113,94.28550094564748,116.31210351499438,109.42926193094145,113.5452824969071,70.58860905684905,122.31062987029016,115.06396360071967,117.26161404549175,109.50849718070704,120.04065774110107,72.54036164418423,78.37102497213176,115.4005115164137,113.64118155415957,76.66639819358402
83,107.29057723876222,74.11577384839904,113.71467218628175,122.52364421167034,107.43615950099476,136.31816216693196,122.52807930609616,121.78227638891148,112.13772461336545,108.1328666832546,127.98060509976295,100.62606801864077,112.15197061162434,112.7212204245066,99.5729375091561,151.47865440090393,112.80766377327384,114.26244086247993,110.83418348430611,115.04032252031675,78.4013569763725,68.73593652376775,97.91630205314254,117.14429482646558,75.31241356433017
84,93.57518636281192,100.6546130866861,142.97773482166411,96.95659476663046,95.6848667513711,121.58605980559639,117.26435374684684,114.64639767734359,111.44268887331505,123.53296650362259,126.43846401915452,104.96905866651822,118.3681513159881,112.1958641589779,109.11032330019879,109.28712827282419,128.41107091725033,110.61846050280771,116.14399763809256,121.11422864910693,86.51079026338604,93.41710626615745,111.58166485517316,123.85676476984939,76.62958897011451
85,93.78953172949275,97.04415872212839,143.29326823965314,99.21741233870078,105.10498885791476,120.437434447568,108.82294026772422,111.83825651558905,104.54313546787841,129.86541534987023,87.92235900355116,111.31578931035578,109.88089657927922,104.92638562201067,104.72774027329955,154.06455958162832,115.09083132738297,116.39053676672462,109.4185860130594,113.80654540959388,85.59897751652323,90.36876810094526,117.29546856354861,141.34003125863913,78.72304888554274
86,117.6429416830934,59.501821284797785,159.6256896583788,75.38707688754427,107.35263248077156,119.41204145739539,120.92942102131366,108.21072748565199,104.07531393567056,105.12507165757278,99.36842524160281,116.56938440988876,117.5646897517092,106.65590582389012,120.86913271032077,130.661036588101,114.59667150500118,115.37182544873743,116.7545563993826,142.39101450852493,112.95797401306186,73.56819519764048,138.77784929887434,122.6411597114574,81.88169593575199
87,104.94472233289478,89.74160673786112,141.43885173367516,105.29704343258882,109.71983936638507,168.7758412998185,123.85724182546673,115.57377283827132,118.91675591435366,111.6797700443427,107.64914491882004,104.24967485092229,113.19310275892308,109.67575589479736,92.79007451192982,161.7304641247027,109.46957078917669,127.40969875322543,113.78035171491288,130.2167891781449,78.6806435370151,112.41916359021333,124.55845468928167,132.01774808860097,97.97605970033449
88,100.18452841488495,103.75349623219454,161.6229939182147,83.55137177119337,122.9159976451149,110.7824676662817,113.01687916271241,112.78580139658261,121.91525939857443,135.9025883871309,85.07618354775974,104.44685574106448,111.06824269306244,109.34709249877021,88.67653385147696,160.40362040484206,111.82858529386114,123.7135653510802,109.16548710392874,133.7541619160601,100.07091490417245,111.71679677010736,96.98050153335939,146.9391278884743,69.31970092305714
89,105.55047804577617,103.68223976483617,126.12033638225104,97.65665636033069,107.8941489214077,124.82820596876927,113.74519747131001,111.68708967218888,122.24705205969344,115.16722366820255,104.13836347014524,118.14135742593487,112.79548581767239,107.05042520045632,103.83242249043238,192.107606990717,112.61848267786314,111.06020295547982,110.18705729814863,132.81379560996064,99.42600275984093,78.15936486325064,126.92295727030564,141.79792562681527,92.75085705649461
90,85.62971982501973,100.31582181223517,150.2958151224801,86.65707886932186,100.67936331071517,145.0896453859771,116.4920119495188,123.31436175269641,113.52551202659379,125.63280528607602,82.05623620857094,97.04245984365153,109.53443244621704,109.93900602231344,110.40653017600387,98.34550502374132,119.82626136598248,112.46190805747042,114.38360626302415,112.35642890930778,96.8380185293563,90.23247058871937,104.58385853597227,135.45956075135732,98.7899667575161
91,97.42513813633282,125.17937059072614,127.70038080099847,90.18327917509873,94.12347596618363,113.23185478223508,111.714160577739,104.31185682159834,115.75900908831974,111.91093880018104,97.4367399739254,122.48414731571798,114.89629022804976,108.10162681542465,125.26333431227712,148.18295038949555,112.59265889148186,113.47351983032543,114.57017116395731,134.9291155885702,110.47225332653977,71.44078657292224,121.85225736436823,150.85010633166877,80.68715400861738
92,97.53299726419395,95.71070566591473,136.95626550338935,102.58032940116833,103.94694809841366,122.09152045216125,127.44572126035929,116.21100637376468,104.23686068249154,123.10789541597366,139.4089324552536,147.16638193425504,118.68026680432325,106.8027872911892,102.57556891523541,152.18820377287184,115.61067758125184,114.46215226630244,118.89845202374377,133.69373220460784,83.2411652578304,82.97348738489084,120.96370526231867,188.53214565922818,72.42261628774428
93,92.26443906258899,92.63206729550265,180.41202227864787,96.65159343252895,110.27912743948221,131.36502754437635,120.9249224089268,129.60945424520057,108.24313244189945,107.33494846851214,84.52495653774339,125.18175151334128,114.7907220145737,105.52060793056809,85.55520187734908,179.06471333752063,107.77155991841036,104.57600013901607,118.13242834702837,133.60898479594132,117.16015118618265,82.51669591938983,156.34357873205198,132.8884327774249,78.77352681676929
94,106.92534376706466,106.88346898506171,149.27222658244662,111.44343938633818,127.59113591560302,142.6591409677949,109.92873643030416,113.36953829101553,113.89475431464699,126.72495589452325,104.08379236292322,120.78145663158186,116.71773169655513,104.87044375100086,85.48619968295917,191.4108882155236,120.76712217382952,111.46378783241894,105.220546832314,163.60797423645207,109.54941948126942,64.50555330266397,131.41652778678773,142.16494015406045,72.0023048607844
95,110.19266050763272,101.2442553768399,142.81072242667506,94.47545691331183,113.4863393371754,134.83332364387275,118.98398020067516,117.84508078159237,112.2937345169068,135.2217525285773,140.15255405609415,148.7100785641314,111.84566884905126,115.35576708905602,121.38789921932457,134.6482371005787,120.55847744913345,109.41972160578389,118.79777135658472,135.44531024832733,94.77218179338499,84.09571804395682,152.28027463114174,169.93052262125454,83.88095119933904
96,95.85254692264748,134.28981123596918,125.93504522921826,123.21296905108993,142.7291936407893,139.75053680922304,121.72586608079206,117.8590959824787,112.62356790333362,117.18519290204038,109.23954975875779,152.9530107970119,111.52527837350601,109.96673142021197,72.23873447760222,198.49213131185198,125.41239544827242,115.31734894279352,116.14076982142025,131.36882028664678,95.17964587817973,95.83518888203022,151.15732142987292,136.88473767877713,74.45536623566616
97,110.51030775351094,87.6695027970102,152.06755469660214,100.33291687479802,94.05127813328544,120.03205500693038,120.69593597503724,117.02835880868919,107.86054656984298,133.58293830795148,99.83604314158094,119.76417475759723,109.0013538226836,115.70046754078683,111.70138557289214,162.20649559257689,107.65891245257265,121.53206536323556,111.21449251934109,144.5585430411509,100.5366429516747,80.59126166095164,168.00329161013997,155.5271412062306,103.20701154311915
98,90.85053548490473,138.72344875747757,141.03286399888634,118.19125683040723,95.20597033648653,138.9534305920086,134.4500712460204,107.0946278162209,118.44291517057334,131.2915374942987,108.6078426907508,120.36323701193217,105.6002712894068,112.28414566174195,131.78393214112077,194.21601248925418,110.78949126520907,114.4075026637914,110.72693596709789,141.2751635144916,89.43788736065913,97.09512234657352,143.08463586742704,149.13557443668034,85.97624002759049
99,109.33328616322629,107.52689062270493,153.8195813235131,117.28952167748015,96.6018672173742,143.14278436720681,109.20606689649414,119.5747277003205,109.36531446672768,115.44605635464623,133.94658727309508,136.79768914654258,116.10485204839317,116.75933487366952,86.39687660868923,172.7978016576838,111.17156535263769,120.03211297108055,115.37983651013234,147.25155751624547,110.34377655026299,77.11787957743687,137.1192277351083,143.97670629475644,88.25303442235322
100,95.78129007271366,111.27065476302884,166.67492780965688,96.88422983049999,99.1739415950371,152.8824436166757,127.27411990537009,104.85681098412039,114.80632980948286,130.12385698532262,136.99525625790926,131.76695501850676,120.07138650876476,107.55170032451154,127.11362551558315,142.86859281969703,114.36055801276089,109.86500077318287,107.46254544928803,134.13754991737687,100.04380977131206,67.17142382433417,138.27827761348635,166.76089011528447,108.32131780052664
101,93.98611311217049,133.35942670010195,162.24514816270738,107.68477473427656,104.65501387381978,116.0159702903272,118.66801151226413,108.00755191471906,108.89221031570524,133.07148905868266,137.6077219054784,137.51832733639588,111.26197710227929,106.92065713076855,117.75307187968134,137.36513349255898,110.8049096992367,108.43676707471899,117.3908575688008,129.78522962409093,95.13970832699007,92.82539028093755,136.60286789011158,165.81246140022657,64.17343449860125
102,81.38101077445091,101.75925519756564,176.64395717380452,138.8971490969333,113.30797680292672,137.63831806546554,128.0036959264293,115.11674767342033,114.62220165803937,119.40168933884375,140.9082362934253,119.54375957460103,112.21073871362618,105.43699503974351,114.93861010075346,152.6790514495955,118.2318159943808,118.73005283208886,114.18609273541828,131.28292218543018,120.60050176417442,87.30695384571304,146.83867376019646,200.65691408694033,81.64184015829774
103,106.78515690439836,108.32464211498375,207.38998976844263,85.3534333656121,101.48766114508918,133.51868896455193,125.09598167365709,122.41338669026892,111.26615874649147,149.17801842299096,109.6285317265441,130.47750316617817,115.95075292898541,102.48709376626714,110.54207684628936,210.85964347503042,120.10849995019696,118.76116116108001,109.35287603676858,130.75206896003849,100.40297191988955,83.47732400068384,156.90961370946815,147.71112627354472,93.55543977066552
104,93.9986752194999,122.34233161771276,175.08700004225392,132.07356836409647,102.44853787978742,130.26716322598637,116.57531281658079,119.49191254435517,114.79819618241737,144.71981988352823,144.34783678579234,124.42834760613282,111.21200524938659,113.87643432465548,101.81017529111116,143.866648501271,121.87093787982151,113.4109464105062,118.44506146662319,147.837746535367,100.62697572587165,109.31794698953155,142.88248778215342,160.03748698812578,78.54467462110166
105,106.29725026864377,115.78491469301835,150.27974154868002,155.10116142780166,100.34176838759473,149.00785055758965,120.68292270534867,113.41229512511127,112.2436082318328,138.69179632829287,107.04753602120455,143.70508874820655,123.55085201175052,106.47514806121546,147.9950384431747,184.20187935845306,110.24760088668513,111.75082754132127,111.89242029763815,152.52443001281753,105.39643651276118,84.87103234405365,159.4805084166803,147.29760519953845,100.90157887139958
106,113.13825529756284,113.07186208657016,165.1115158078145,122.85296866279658,123.98610955588374,143.7412301515907,117.48477944039544,126.1107651670848,119.20208830221405,125.33059376666938,136.93818671270193,162.99486064784028,117.4313508229942,112.87637934513452,111.84551165478202,175.04301390095162,100.62456084342807,113.27028326261886,106.06128560297734,143.3137487528802,104.1276500336243,75.2803852066888,153.16528644772953,164.72337787868676,95.47767854641644
107,115.32226185399408,122.66237161187685,196.3191396740734,88.42090171725364,114.69128054585873,143.65019493611248,128.73652268001058,126.31929132013639,122.1548221350486,147.06856901061138,130.67832988394838,141.2629294664336,130.5513554751465,106.1053892295576,138.85469935489283,123.69749616511938,117.2429131718588,108.12277016072056,118.4065714883729,136.70047073378294,106.34384696276715,99.41696987318723,162.34331423644,174.1755808413748,102.26562720090031
108,110.39814676675746,102.03490704882316,164.8917333788745,145.3067710679116,103.16477409458096,132.11777161793916,124.83917835352129,123.10193336565925,109.3123032739019,133.6171633293498,152.69538632113918,133.32706911911671,123.74503169101874,112.4729037498074,117.01331769210601,202.8152201729871,106.0235757050087,110.67897325127882,111.08404969309909,129.3550826154134,116.24779236976003,110.86644185052371,182.11188771249846,160.54168572250208,109.6874572404038
109,102.9249174974106,105.39788083173477,171.71237549800645,123.47848732898576,103.48209877174945,152.8700778717285,115.99785159733884,114.05602651895369,107.73265386382681,137.2465058183868,126.21815815776071,128.7002188917367,117.7875180665364,117.05344816449036,104.99218198976266,179.2351561646716,112.8549446109172,114.76294271886208,114.11582774255547,144.75251506270823,114.90522789022798,95.18278110853365,166.11809571742924,172.88565210392343,103.24351370354
110,100.14262696672631,121.17907498593914,171.25579953124145,154.1287604916995,106.99412873658912,133.2304229521229,114.02923238705512,108.59952004351031,112.00285883474909,123.87994922626123,115.77728549340861,140.29623973883648,105.43415247542032,110.58167673515558,130.0646328321901,134.88345833506224,116.26978332537256,117.75512366528508,110.3267076913749,151.36136302799122,121.3595756134556,98.56453500468332,165.73917014792295,190.49408645964087,99.96564096054696
111,118.98344355470994,107.04276267527118,159.4055296340941,138.1151439401048,98.13379801744343,157.996752974572,116.6977167704805,118.76398026188829,117.21521027350546,131.48475800526148,113.79398671730057,118.18106077136306,100.82939448379895,116.59496061380247,123.50130267584282,156.17379098098056,118.79764773854662,116.63488586160324,119.78442096999483,159.42668735740415,101.42744043283702,99.40988680326087,146.72155991344107,181.08455519462942,82.83481890950976
112,93.07568004812327,111.92658644605028,195.54503817240948,130.8982076914128,115.63745555273842,164.00974105447037,115.58993160350525,110.09868896190585,120.97738253512874,143.05211878239035,107.76933945510629,129.55767569236525,122.16722287961329,110.76857645564553,91.46588524254858,145.889572334537,112.15002934211944,114.29669786103548,116.28361607366891,148.19910581518934,98.9975975786785,100.67703488888154,172.28161685375295,164.45717411729385,97.54738113588397
113,111.149162496653,45.24559540074932,164.35627229006582,150.62135998631928,107.51722281065128,141.15686135853832,122.71921216676492,118.75683959499214,117.2334183104653,133.06155388864593,136.9235898715112,156.9701688955822,108.33696597066283,108.30065175170233,82.42892239671149,156.85475578872945,116.02426168765268,114.571066508526,109.18723877362272,145.51402812463257,118.34585846278304,119.2780348610955,176.64342932815768,144.66498512668943,110.03406185364177
114,110.72884214544443,108.60626218676644,184.15840139933135,181.834372989876,99.52926275356177,150.601307308555,135.57521479547003,113.94742001448816,115.56338063353097,128.8223946746466,139.44942781704557,156.14679202883082,119.02431615723073,100.57894092920716,100.23682543203637,160.81520300113513,120.99788580861113,113.352058247479,110.12897555984111,126.39432156094048,108.4654316417767,119.72019629663036,195.02801485206615,145.79341850924533,123.16141546947216
115,104.52893659179537,106.75252837833162,161.3806609647995,168.5347340356998,100.15518023466485,149.24758447467443,122.10994019643304,111.2174093445968,122.52717411728378,145.78676182204373,170.9201676396276,174.51725215890383,117.41873649002656,104.07099686052713,96.92403373670031,152.34224993157972,115.6368295685752,118.17528105991494,100.11460833536573,140.57559369296612,101.2089613276744,106.31335464538023,194.0670575330358,181.7474402031462,116.54286753234477
116,111.74949282326436,95.44066680987848,168.0062596756444,150.5463948234384,119.93175492508615,145.83625615635495,126.79804194726975,114.500367396748,119.09371906672993,128.6252972556864,145.026734499281,140.76429417009768,112.42820474934592,107.71496723588106,113.15019353760871,204.12622903522907,122.25354064185939,112.06138816529109,117.48043588208111,151.79429714871628,99.43545348015151,95.80499137485451,195.14538732177706,182.3234640308016,104.91892758866875
117,113.59111461080961,116.75805241336589,190.06970393260738,142.91352851315133,103.25161250956853,155.88479831631494,119.74956225632032,100.97177130653706,118.5458498939216,141.01752159126843,80.14775938255083,156.41825320548222,126.08105660544338,111.71120347020963,142.33756944769888,198.2440712462945,124.62967902570686,117.47518736031586,115.34270046365768,164.9344122263715,106.49590519416364,116.61818381222831,170.27034204215553,182.3968750292784,98.70192837812442
118,105.88947313956916,114.71184307053406,140.07007133160295,157.54311112952837,109.93960508029653,154.69751031621223,153.6080342561186,117.22110014035354,109.71342616535122,132.15316143764034,109.9202240072413,154.83362508133035,118.70491114968044,102.03399686734805,129.40303479441377,196.61919129668053,110.08847394663842,125.29131942724949,120.4592056921341,168.331686934763,92.0812775092746,104.24899747159184,187.95747424221855,179.3751785539098,96.65736682821831
119,117.11542022626448,94.77740426813993,161.83963210279322,143.24394339583014,100.58187252947783,156.65045861170782,124.0152767125818,121.51535657530118,116.22219796353994,143.18781368455276,100.01982790334688,184.4337083022282,110.96393896348552,113.66466283887414,114.61427622814098,194.1961143262526,108.34077648243776,115.5564561236736,105.45944234905288,163.09051537475938,138.97307937559162,83.26424979524644,195.70276187052278,204.3659758209389,82.98299970581942
120,110.63645704852969,103.17453014928797,185.7249871523339,147.9369450078378,118.82983026080448,174.76812794744893,146.73927144600955,112.69535190626003,124.80455477764129,122.41163480390176,79.24520969595463,157.88776741678,108.80277089245931,106.24093920680298,126.64456932857841,180.02462092223453,110.18258148386623,111.74367085182014,114.57118222671755,172.33488157578145,129.1689015847426,107.63310885877931,174.30391151021038,190.04977926815707,108.24114203393931
121,110.02157385123189,104.06393729140083,157.38994378596357,153.1445520969084,103.20253167977162,169.66630657101337,131.3411737692059,120.97489426985743,122.76632224757215,118.82362698701904,102.62046016287688,124.57812681283642,114.42214293817293,112.77009211880393,122.06892969457421,260.1362833774042,119.15616747723091,116.04594913422194,101.65373651189591,163.67933014068714,113.54781349051753,94.36876302732878,187.74412643016436,190.27710970305617,107.94180195406949
122,112.21764542789654,92.72741315692475,160.79051921718192,150.8628604628512,102.92147955951748,168.53832859440982,124.8083692735539,132.16254425398154,113.06937181257105,141.84961042867957,94.80947403379582,147.83258604627915,114.27268321871192,108.64549528879206,136.4004194841178,180.98284555727386,123.09094333967882,119.41443919585882,111.86591814230005,133.60442786855327,122.49161531252464,84.26773298676383,198.87345682665915,171.77030632057145,99.76517223341565
123,102.58557701765481,121.39625119263175,207.8317705422723,136.5708539377347,134.74447700715604,157.5538821093802,147.61145577146635,113.16749634795039,126.29035279327101,115.33109568605143,119.22685608222311,165.34273308680412,114.87593296009145,112.39898848369123,143.5631532670833,179.545744201933,110.78677991348022,112.3393899439178,107.51000401668539,159.3001964604017,119.11139968445032,104.75825337268046,191.049765760111,172.1884139097828,100.01919682836167
124,86.9923989460896,119.39648268603591,175.30432305716644,148.0954619856485,121.50568910676962,149.27015426208803,139.07310637084817,127.94982405670386,109.00722447780207,142.0358495468101,129.49751661738736,183.15906682353122,112.31775133728286,102.49346539810757,106.50953989607905,183.06532388436239,121.10192846523877,122.89608757309821,119.65462092259891,161.94522587667012,104.59795460768066,108.31450093597748,207.7641861711451,191.04258754231392,118.18593210472893
125,103.19205729553676,102.52902149237767,204.50765580225888,159.78632474787497,107.43961360321502,143.79924722791694,131.03332148419827,127.83605657958387,116.97121492631868,132.8617170162743,152.65927151103736,129.63139041963538,113.73751705665933,113.92124735047963,146.1470475905377,167.97229080352457,130.35528108287232,116.98295247324077,108.50791680841567,146.9560310257608,114.31884001714617,105.9045642726135,209.21232030250312,192.4079497827996,110.46254312907848
126,120.88517194148558,99.44500684342411,172.46305097277764,172.24746780143263,115.43676577547639,161.53736317792163,142.07300787832176,121.78093451557693,113.15959534367423,138.3137624273715,148.6599299018484,143.54195434648219,111.15217032107243,105.42794856645682,117.5043337268559,158.02305981359393,123.04072435285465,110.53386073932028,118.36411583322887,160.1974626599889,116.1963400414717,93.95125413929814,179.3631626737327,184.27013436683822,95.6437955271142
127,110.3879587423604,104.92655046329318,192.42749509849685,139.37650355399487,102.80949319704453,136.33520336210012,155.5668129891331,118.2747202263997,125.40225265063148,145.14767474426242,134.81348376222502,152.36047683236237,111.50826110789357,105.3608848976354,109.63206920099965,171.99460652440953,127.79498510538329,109.87489879050392,111.73746633947748,143.90932418074595,115.2541252378969,115.71239347107799,198.4754999583805,162.6591770360788,115.95153895980604
128,116.59108314630816,120.88558203420634,205.8976007290752,135.56931833154616,128.4942254009836,171.15169972536796,156.38505138545196,122.75598222146836,120.98323229532039,135.03087446630138,126.94485993000617,164.6388937586635,113.45919211912314,109.61262383745542,103.11370322469604,213.5110068282709,118.55883270291366,114.3568775970697,113.02742434228165,162.73034850624617,124.90201135294114,106.13885326509623,199.01244831495026,190.14236985869343,107.06857424714049
129,116.81437293429215,102.66147396561101,230.22883938794791,147.19096991046226,107.36547660101184,146.37447516751442,137.93720420126283,116.13387335826327,124.32418192796322,144.01527764232947,141.32421342617138,154.43440816641584,112.98987183250134,106.72647219285992,133.30831836961377,149.0929695124221,118.8610381960731,125.17588734111273,116.3726141151593,154.84397000770238,115.34617979794683,104.66667304389051,196.46481862685187,172.00716450860395,111.89872446809345
130,113.17121299588234,111.39299052231586,201.18615044614023,160.10600963734754,110.15748094794554,161.89922368585803,144.2998143973956,127.10456048610816,116.28530348406,137.15940827413954,133.69705586294353,155.28737581574717,116.68320028097621,118.2597602911664,106.9608536184719,180.30692610868707,121.96051316626497,122.09703422647605,117.82132036877914,173.66960075724782,96.24281578117801,138.149892123091,191.39998934007656,184.08748866849777,98.76104023101175
131,115.65312579165368,115.92913032930508,215.1511953603894,165.82015496574337,119.03007022105156,151.26077896470517,131.83354472970194,105.19691640455719,114.68341187753158,133.0017768340523,141.2579704138128,156.30157090455305,102.73799198601507,118.69634367713171,93.88365355357509,142.0239717782262,130.10921471084083,123.01123307368401,109.43164584242814,171.67254859717514,119.02575199551157,100.45212084480602,185.46060035784328,201.0453522477539,114.58741779801223
132,100.62215220932242,104.36121374251893,182.4100212067365,130.033190540815,145.25196960245586,148.33507098159976,145.8801142405514,117.52847359506694,124.17045219003482,131.63090141235188,129.15275825682926,145.71976751088576,121.22342186607518,110.00133744039542,143.19196236745705,194.62556308049895,131.96633088368543,110.39060435062852,111.68975075037518,160.2723028215879,98.8252172541431,120.35281716053176,202.4720385031407,190.88587878034946,104.16616491618096
133,105.34784135879917,113.60647835720337,216.36980359090896,163.81097088918278,113.85151656535847,169.7114509242783,135.93894079376855,122.87281687448316,129.05418493069362,139.7235785118774,141.63683674458935,142.17701854881196,119.30694289315039,111.34942314869704,95.91915424957043,167.1583930116168,131.96818361433014,124.03146638792768,116.65684994255615,152.63085304100366,114.91089658119367,106.66207173900777,202.47514104945557,173.5869870270211,108.66181995770668
134,114.33474311814047,125.3236733289276,200.3778200494028,173.81543586028906,101.03455608727505,159.92365695682827,155.28267227850813,115.5116454788207,137.3582626003416,135.432919931896,121.37860965572055,190.30821135752407,111.57060172578596,108.93471842470564,130.72226018306367,208.6304502673591,119.53399868935166,120.93590609202829,117.11147913312968,152.45990722949563,132.518727971183,98.16476850734371,167.2918329127851,207.83917106404118,98.91216555050082
135,113.86228060109237,111.52921589481433,188.42281131742234,180.82224396033104,114.54347524784706,155.0564247298438,170.51565316069332,123.89905681851953,122.64339684873245,147.66182021126568,126.44649137107872,236.33618824490725,113.41280142501371,118.0569616394152,94.05148894306284,211.13190117083954,121.25450006151696,121.45152679019188,111.22285695870454,158.08685444514754,130.76584575881782,87.83327368324623,240.73668335635185,218.63752988424494,101.4821470799
136,111.05030030420468,135.63232035703965,224.6021295504009,155.40183762843517,102.10784185409501,164.4352109653847,129.229399644812,108.26713589428232,120.8077618748897,141.008250048001,134.94002630405888,167.53978792955692,112.17229333023973,115.25747321208135,118.14628058418432,226.59010863099732,114.96447007875499,121.61819750063617,111.37770228531409,157.98976813266572,107.09128759062524,128.09122349502687,191.67102764665418,197.31838844504847,101.80392088273906
137,121.81263550029891,106.2409593567679,197.76970901633473,150.3824823208866,126.37371790386096,182.40944467503874,152.17111868881406,119.20164248013334,109.19139059578609,142.92044038896032,123.53684355769103,178.10391507535087,126.98418355953105,114.05484073797707,125.9062264740099,236.18834672574533,136.26078322911033,119.4320501375948,106.23851928297316,149.78095944094545,115.97461165176368,94.43545680544267,203.8817041832314,210.78149598956335,124.75327091357886
138,108.5843443107586,112.2338667966578,176.792412479569,165.11858380474382,121.0483944570637,140.93506584450333,160.92395153798753,121.47904473127515,111.96599869021988,119.9992055288382,136.9125730072213,192.4206219245573,117.56375223158608,106.82703725683537,144.85707397903272,192.86087898328938,123.57388709308304,111.67471260578694,112.37224767059352,155.1519492799049,113.16134808142324,104.75516494543993,217.80581295761897,201.49686319677176,100.29231976289827
139,122.66821708511986,130.10710223533522,184.24525630398367,193.8253804327904,117.17069196250532,184.27271014308263,171.70718325767217,120.46098931550293,121.80406700137154,139.4857667681494,142.54204484541813,192.10520989099996,120.25318344156466,117.2508920598626,147.28122625942254,176.88548252654357,122.4897028627577,116.44026789611696,109.81283582536476,153.89102537235127,109.63321379756215,117.89731444119758,205.82453705646077,207.73969164008082,126.3025690020361
140,101.20131400912712,112.55001194443325,185.6217774863459,163.24131798513974,113.82306993920713,187.96138270876233,165.1657165814664,120.46720980174302,121.55377228228075,149.44587787750527,111.07126522203276,168.34847977437968,122.07014370951981,113.2204243547761,154.238280395118,154.46505131346464,128.80064032342537,116.1714325461435,111.61488723335265,157.76249300032688,123.65909212296965,126.1995892439071,213.89923392939622,222.986890671624,121.06105451583144
141,110.43741928981936,133.7718499800606,196.37844007371882,155.90641926436848,124.53949519155799,160.44742316044793,175.36934085287348,126.76122752167889,117.83977105171007,135.85630944333963,115.12178830742751,173.08995519456693,139.76966313463237,99.65245443233026,146.63884689585333,236.23299575616667,121.47296264437021,125.58320843628881,118.8397463556581,153.5381722395944,119.24392815423437,117.29621016932055,176.2601082700904,225.5377068833814,86.53101026908934
142,113.78448848474535,130.69697110586065,198.93815339741175,188.03203119575403,122.04422249569835,169.8788686173308,169.43865648403107,123.6403216829055,121.95012796813722,135.21621117562043,95.34766157542582,152.3063595950411,124.01257633440225,115.1587042683513,113.05403255039512,122.2145909330749,123.54268659788465,120.88998697819585,109.06714875477604,172.17785032195212,128.06887962363885,105.25586984439836,186.5130097096993,200.18141730855234,115.60989494798072
143,114.25977324071184,107.47582075926394,217.90460136487036,174.21442092223137,131.28882696990016,162.32570613641766,160.17580801195632,123.41342815461293,121.69383027593317,137.9623542833773,136.85430222816058,144.62981956739023,123.60142055688897,112.74077691055311,146.83414541701399,130.4173213760043,130.08421999899372,119.30126385366488,104.86165250526543,161.0836947337113,124.6425200797182,81.57461199611934,208.76173397509655,210.5691836861677,90.4235196574155
144,117.17824356646008,86.34833126465013,213.58826280117725,165.00291964806055,133.5492108394811,132.8963098241146,164.57282737044756,123.69288763747262,110.8650778074171,112.07233119795254,179.25711980174103,159.61968929060384,127.6714522771589,108.17763791906306,148.50142677314835,147.04218048749075,141.9303685261702,117.83231351705194,117.3388543748434,161.3791996390607,136.86373920876323,86.60793331044819,213.90306328393643,247.51895666823825,77.17539201168093
145,141.4497190005544,124.62244957506705,204.77910160182532,162.12576982438344,128.42637001802106,181.7912977241782,169.80300923828813,120.3859082169749,111.67976737483929,137.96223206123958,144.3310322185772,161.72372475446105,112.94074365716614,112.20554296221624,101.1617796112021,172.32567810113258,140.6902793520228,104.82109933978214,108.99938686075423,160.41519761239985,130.73835942704534,113.03460167263303,187.93522127785937,190.93720774569894,111.4859919631782
146,134.81233017014796,110.5732449584377,192.11915922645358,194.7102936446682,120.26102595945552,196.72145103621816,171.7276512724126,117.75158032097428,118.27151723637711,145.77054826760082,132.56377120397997,158.06368909712486,130.89252516089877,119.2773657605955,130.14792151556438,190.93242246802944,139.61777826476623,113.84478829759897,112.37384897090064,164.46391948452438,122.08679044938417,87.14060554932473,205.7890386376737,247.52291961427082,107.06449690583176
147,111.8713366237092,106.95517648015199,215.666824941098,182.19880555867982,127.55701755988872,146.5028473942166,181.5281791195774,116.58742113892252,119.61007644587455,133.38669816494192,109.40247824854427,138.03068535575946,121.77910973823255,104.04054619032216,131.4837925989413,196.43755679859274,132.04315648125248,114.1862935605164,111.7216960928976,159.67532157812732,114.54319457104538,98.19092285027344,203.14364874251606,200.35926636988216,105.41337402164773
148,108.58710368433117,98.57432111878647,207.41972120365742,156.17390236208684,132.3137880638364,171.40448272405385,173.53570716525127,115.10680003160604,122.90249064756382,142.019020437862,118.33704865069684,198.3403909721991,121.480512184696,114.47346146533515,143.8231675986346,157.22911731685502,136.50319685910412,117.67175436938325,123.62118257427574,146.4342723896333,146.22961948420328,84.44408809151923,199.19920584142645,232.49846963467476,122.3470417488767
149,95.80420677789478,93.51582555570747,225.2605754115903,181.81509875631554,132.30408538230128,190.0686019015678,187.06897943896618,128.98765790998957,132.22094556741675,144.24768374734535,141.07683176209096,194.02982749771164,110.89645590023557,113.34295003810865,108.1902353102805,192.1809800963153,120.56328078415547,119.07084020820002,106.75183742636221,154.34438644867603,102.48512285974333,134.80933881036765,178.92721919022617,185.41338127250714,130.97336087416332
150,119.74008071760913,100.06459746938386,232.91168431707143,178.31972330396113,109.99985391548798,174.9273541946518,186.70262102476835,110.16884517108073,119.82183083164881,148.9802951362455,107.84530452334768,188.42014110503803,115.53198404112834,116.211755590398,132.08508356035995,179.83362035019363,129.40181331169865,111.69412715692779,101.32250149182649,152.2572252749468,146.85365403582477,95.54203577551954,194.91670426850948,208.4123774697056,119.43798542238893
151,116.76535649617979,119.40341271584585,221.40589251209985,190.12650801627203,123.44758505819797,185.54429492637996,161.6430202036912,120.32267679505019,131.28357541852955,132.83935739987106,85.4850671494265,188.9508674186573,123.00624742644072,122.15907102499003,150.30719160301166,63.02339449073487,133.98419465957818,125.86556118785616,118.56765878715558,173.3416495090001,126.48780574593381,98.30680625807125,196.5895403320493,224.93828968434434,124.25003596017818
152,125.13558762290563,113.1457799500864,215.8887278952508,179.6666786601386,124.41278927784751,150.72930791413177,178.05383651876375,124.61193703432956,123.26073533910207,115.96081490214188,145.07549953051588,209.3401000017146,120.41055035974871,112.82932683987099,135.45657984398534,184.01474825277066,123.84686460226628,120.31759141223765,114.56019204910423,168.19037278631242,129.57774795858256,115.94146960156301,204.51096964916883,198.36323039140234,111.07967998627282
153,112.88608481959965,115.86864831064264,209.868724495981,164.65309091044378,127.3345297704172,136.92928202146072,196.88171771419468,131.98722804264455,123.61130497388713,131.7441380679003,103.02945191893781,223.60579284244594,134.4962942746848,112.97177197383728,155.76424785400576,258.530448804934,145.54672907491963,119.83038985991794,109.08506763093152,152.4542227791109,115.72327715845978,113.0316746364239,186.97701964007985,209.15535723273115,126.43595415804425
154,123.48000194964169,114.92467380318178,215.7587237592871,186.04411605398204,127.42557408886061,148.5140217790434,190.14320247116015,132.41591968062855,133.96931408867275,147.7329557672542,137.05080966469848,165.39679996882705,140.99914308900586,117.31683063081779,140.14247431130715,211.59582092185167,135.59933325296927,126.48734965935103,110.54931817015529,160.27675584529732,104.72918666729291,102.195478053601,224.4279578860275,224.8916685693699,118.10579566802164
155,119.93023356358268,98.90975641838791,222.55354821924254,181.03253232478428,116.49917527713167,172.4794931451851,175.47121111083413,127.51490670403948,113.31789111283913,136.70806163391592,146.6352344645806,195.8650732677464,118.31186144005967,108.89661179344628,122.54415777216272,171.19186814094672,135.07374502320786,122.92864664350967,114.83277854555195,158.72333418695376,108.88139246384117,123.40005393782319,205.05368629334964,231.78410874944575,122.19417229639002
156,109.20422743916083,117.71195940419727,235.88751728808742,152.29959613330675,130.50038543189575,140.62781077427172,190.75714247839926,120.85146317768547,117.49791162333815,129.69837116627644,103.43646854440242,231.6716692270181,125.1034534020751,110.92349502890616,147.10354272309888,190.3969595009905,141.78478768716604,120.6817548089552,116.93872609996131,169.96127350495073,135.88630939715358,98.63175337611214,195.60673255229435,215.48608110324503,130.71460339159395
157,124.37389162641746,131.8818828798374,205.3298691867891,153.6058316498191,148.43212194047538,125.92710999836427,204.1080341250435,134.3934945455316,139.09244296909912,149.82199753732885,140.57643302970268,217.18999552390994,121.31174124416712,115.93702997186949,162.7574068729387,171.7836606350587,133.3354734490643,119.17361900092452,104.95761174214431,175.81496269355515,136.7301943451716,97.44717904932472,209.53065169496156,221.4617163713443,109.71166773248245
158,125.31243819043274,115.27691984023534,241.69716425240455,171.73253688153557,125.28767896485422,123.98349861878486,177.76509621628261,134.53760903177,129.28570487646314,135.90659636697626,151.2083000922378,190.72877449934197,127.1166324274564,117.9647224874409,158.6341694652573,258.17340872082815,132.07207283971462,114.83795108714385,100.74815412451345,150.91975639397577,140.27453723142776,107.42382978017694,197.1335048375081,228.2770502554631,119.9863034133326
159,115.85888671716744,116.82403241759609,225.34198211730077,138.96631623346468,136.482413623784,132.70539316142936,200.86431907770518,121.00698928777437,125.44347970873994,139.47690541818835,154.83905773949135,202.0213047642899,129.32357908705993,107.94881966749249,148.91497221848613,208.78189797657103,163.0794828141502,116.37475984657073,107.96025785264727,160.7820464708062,113.47213871586203,96.3310800508081,211.62942465634995,197.2950444328863,120.65773967210825
160,109.57022855060173,112.08452154132728,235.39295987496254,169.72590615755183,123.630437033944,166.08491654613107,201.94133875777263,125.03834239405566,125.77236778655718,131.69922930285657,148.978476966233,190.88246326601214,158.21733997830063,121.58720575699535,117.62978320423655,173.45117330762778,131.60591722836793,116.1493318235505,115.11235358766658,162.7765699724173,116.19198382094771,134.1032078235558,222.56807683574556,203.19977607097704,118.02759442066653
161,109.46290559871242,106.6517435331586,216.15683355246398,181.78934786428664,125.0901122483774,188.1899081774822,190.56894337791283,127.40375593888425,117.28504000185026,140.46948624110368,108.70688386938187,176.1307133330169,144.07454692722249,125.31449346379881,149.7046058764743,215.9923614853366,134.60499839117657,121.76733662975099,118.27727801970896,151.70684248612991,109.0845864709607,129.10530283893664,217.82282036447955,210.401252213464,116.97688002020125
162,126.56516969178534,107.27733993007108,227.87949584755322,170.14097181260576,110.20942714819053,167.95444857043051,193.51120633794753,123.47902971259687,145.23090959329332,140.0704860626671,110.24193047125563,221.97265483664094,135.63209281013744,120.96986027261676,129.3235636280705,202.69233470543108,154.74530901332062,113.04997281646591,115.59806162169437,153.14600498922155,128.41374385043733,93.00614608792804,210.1514263132349,230.05073240858246,122.85204693652916
163,120.50302725236794,116.41664577076571,202.12889921264716,192.14527743014898,104.59687406625888,177.71919853463552,204.22355348272822,117.49098452739948,115.99453203328156,144.51582238740303,110.12321719555918,200.0332546629645,145.19478546262863,108.17859940475098,155.88888149467437,176.4437884464128,127.51776767761453,139.90292606291268,108.85806002147126,165.88955497261463,123.19091372729432,115.08318644015341,212.76218140777775,199.33172946339312,115.25113590081621
164,108.99891895092055,111.02694623131477,210.9229434198963,164.9575563509948,114.36531740515488,142.4255305447455,199.1866806990126,132.02814962901238,119.97280395967931,149.9776980701637,140.65762507217977,203.8903406843647,151.51078488351234,113.07465269324513,137.2655842981357,196.8311162676987,160.56496039599182,119.33628892052772,121.96568433772664,146.74088088690652,102.50874199822054,112.93206572071948,205.29291459397555,236.04374624118597,113.15812803195993
165,101.50939726566251,110.09195872368478,225.96757110844078,182.28334856313572,124.04669493476347,167.36568565339456,205.9749451392892,125.45834749416595,126.87799612801756,127.04437558306486,174.406503752529,226.54357098411663,166.60341358135625,142.87916013863477,134.9724862101526,234.30320732168678,159.37919098114378,125.61275547654678,138.0164221219158,171.00826628369688,113.66353298079727,115.63311991012479,222.97304046116275,195.76391307411532,109.05809158676868
166,106.17126964537572,120.2036783282959,232.06843096087442,163.08605258212756,120.66187889302385,184.02475901598942,184.55340497332207,115.3706665355838,134.73195475471698,144.43143249705759,156.4567864063681,232.99197375960094,134.57395055784482,116.16351677629858,130.53285243784993,240.7109119072413,148.55143806396802,119.65101215896716,125.82282238405203,156.00131541210845,116.94503540584361,122.99216732976608,231.83119201163336,194.9076265391792,124.15585484254623
167,115.12673625036298,108.15906505050052,206.1590337451048,192.8133068547527,136.07306870001176,173.40378587591275,206.86293596325999,124.88576204984906,135.51484383086986,144.81940816359742,107.2059162977041,197.11499934074783,138.2639007781095,118.61945994086177,146.65440610792382,213.87028013363178,165.5433497708172,120.39451467769882,115.66844832505974,170.81314666498724,116.80791969164733,123.11472007083859,217.27999021197465,208.59402297403383,122.31705960387796
168,111.39079893811807,138.23702092530198,199.62006553937815,193.75135819194887,137.00860897442942,155.1080686856654,191.85779492834126,118.21305992937971,131.02925716102794,137.30924671458413,152.1105233811934,193.44760276536323,143.353613151331,118.64070245532712,112.24882427966445,205.22776454599486,147.05605628387758,118.96938524818253,111.92426021957897,164.5830867727195,126.32956005905899,111.80360642557751,210.4060307027804,211.3940014953759,123.60393903778777
169,121.13052506791199,113.194731673047,259.01114954500457,172.21889658347865,135.1901120617619,168.0910755555079,187.22715349814976,124.78581096942774,125.73913988725278,139.49371161837868,121.98513451340317,232.01150157596769,136.79131453560254,133.67832861661745,136.1186492496537,209.9243431990682,145.81161552795896,122.39398767487502,112.24581818136096,142.22147824189798,130.87737144625197,92.17083078622638,199.7826599633455,243.36105256177092,103.71657276815364
170,124.49677751873747,111.5602479245792,229.2846153163893,190.71217512117718,137.93935366491712,179.74156574860393,200.35905881646934,131.99353273849718,139.58317853672892,117.22222300226332,140.12154495702225,207.8203307641251,151.15378520140138,118.36262546698916,129.62879431321113,182.418397800243,143.23877778118103,120.57837247326657,114.33100287664624,170.20849645995315,130.25173139777974,114.5027753421169,205.55914337465757,230.18525274573554,131.16775491042566
171,97.75450230850697,142.7638459779973,215.30115099009925,187.75905561843592,116.61827334410454,156.18820641171916,204.09701445763926,119.3263720812953,126.42283919411413,138.29095997637037,151.4708049220812,194.08528036597943,145.98347681614516,129.56268228237994,131.17228626291836,184.97792280623906,142.06055113134445,118.67479539856662,108.90911040815041,158.9764269050485,131.98299036579928,99.74686585560657,218.8686092608401,187.44008094591265,134.0642194101538
172,123.67632490313461,115.76324213632702,218.1002134355398,171.6043372066235,129.45899110946297,172.4490896525518,212.79609694846016,128.41250501970052,122.14870127661118,137.36373261100533,134.7110215048023,209.83188789376516,153.55768040293958,130.32719464131245,134.28349255301072,187.3483033909298,153.62273813885355,124.55499825618443,109.7861224631005,163.94182141901854,135.66403642963223,100.45246160450718,202.61770029407876,244.60889440625783,122.82973658910102
173,108.774701161478,122.34594514879493,247.4687116271165,172.98136028310182,143.42259025257917,157.75290434636918,220.59359993948283,125.15982813710094,147.1847449376249,140.37269283618065,145.76191589648624,214.92596563147106,164.255681522721,136.42300211976246,150.0670688365403,214.40954820299746,158.05842858779556,128.80530735786863,130.56483616964832,154.10732904269221,141.98358664087104,92.03617138961863,213.9237635885188,211.46225278880883,122.00771474581838
174,104.43995230112246,131.3258550847518,209.356288365524,193.97512430041917,143.2904256225348,174.7305818979984,190.82040222632986,139.44235562628873,122.16290795018615,139.97810518107764,138.9742209472373,192.83619165483452,150.46578262796064,119.2244077983498,139.40199471791502,234.37103562684632,174.4021664529154,118.02984124943161,109.28200366074553,174.72797933570698,124.55885942876813,119.10681524089709,206.7184472461294,213.6545817518953,137.6901804916875
175,126.4144928321175,121.93642264301367,238.24913750149895,185.62924865703772,143.3304511495123,163.12685328731015,211.20579050547764,118.07798619413902,131.87963466608142,146.03005867295005,162.40700641452645,207.63715326393427,147.88007627720373,134.34955551338197,111.95023210278482,180.8995109115908,171.235243630982,121.25186438306342,124.5911338865765,189.1919815526569,125.53639596712412,109.17908565668543,198.61924947793725,212.74391525196256,126.14015342839598
176,105.56839792049443,108.75870540241391,217.54097509023745,175.98859791264664,119.2365021378834,140.98095380325358,217.9623305184941,131.47798907082768,125.64101819256656,139.1082275562909,130.51476283322023,218.954493403854,152.23758743239324,148.66072848330165,168.2481365033977,232.16966331888884,162.54785528865088,117.84989716949718,112.82183432654556,172.7801020076475,118.31573057041074,120.85631177120914,211.33539961233802,191.0022546857137,123.45191001942014
177,117.00558855817653,114.50261534643622,232.78819850360284,205.35404147687026,132.93779820725388,167.9302034450211,200.1099428998505,130.35074519472315,132.03054724541653,155.21532790323178,162.98393863382438,216.9827004538152,162.40560957857988,133.44057789268112,132.62011778595792,149.55267924188612,170.21995058059846,120.13974657361285,119.72005216697093,152.1062444404554,111.37420683463425,142.567162770498,217.67193095000562,231.95408545537796,119.46284468954813
178,109.59962492770859,123.17960866896408,248.35529262269782,182.61663947382038,122.78527086597852,160.43640666725008,219.84506280534092,135.3855011944582,134.37278734308327,124.28042759186317,127.18490016608571,222.3498280850235,156.78649119557858,123.43645032344803,166.63883450848434,249.74234050272653,166.74506003105313,120.4864603636696,118.27615314655327,164.42965375755188,111.58192043078209,125.1253450845354,179.52309579776482,225.41794287068277,122.71845453884498
179,122.09001357694851,116.45373317010662,237.7009492950295,170.75834144425846,128.14845248670449,159.80659232753777,192.5217956640387,137.02940306664476,141.2962290508798,131.92521788469722,147.75838281163254,182.1019571988947,163.34510589326885,118.94784312074974,127.21066524164046,201.81552117656446,181.47504072932028,111.63572130113037,108.26177589911352,143.86952396875077,107.93940895721772,144.2176947855908,224.36723075440213,215.69892526389222,133.2623027849531
180,94.29879739608934,130.99869135382843,245.94140322817054,177.16817577407792,94.0140290506094,162.87809914900606,201.04361041985598,130.60065630385301,137.79334968591454,136.1798014726391,116.15544978616806,176.60336253593573,158.92246101384276,132.27732696331145,171.2294629020001,240.15657261075285,156.34578558843268,124.04604125242088,113.59221063192572,160.82011944158808,130.69198834819338,109.8211894909474,217.50860576575872,251.5040292072776,131.43231361707217
181,117.72150023277192,112.09189910412911,244.06781112112975,151.66891371558887,115.88426121005268,155.37634942292928,217.3632693441544,132.99764799627513,148.04767928978654,131.9649170433805,123.12719939131037,202.21184434448236,146.63447334791994,119.15236401487309,143.48381992003812,208.88888543243797,176.03759946779945,122.32849616760832,112.95442556756421,180.3051120323896,113.43014485749879,128.89799379434115,211.0005911019804,218.85829502490412,113.98331602506082
182,117.42793116542185,103.8658445557378,264.96712644605327,180.29967829445755,123.47366373432445,163.83565735530934,228.4138692380601,124.18833061530678,139.54118114873094,137.9963986506645,144.27391031338243,180.52634408806347,147.0190721350709,143.92979820167835,176.4800386612778,228.77100210918925,172.39928814274757,120.72515909430322,126.23643703480616,137.70387800249588,116.92968405719945,133.78225784449612,204.08027706768686,218.5168902011014,115.96713891097403
183,124.64424496446904,123.94921221535684,196.18032341372594,201.95593580055223,120.94551035374317,182.1184531086006,218.22790993426574,129.16028720288236,153.30196192477234,135.16010216240088,83.09084136319949,202.96544964189943,157.8479536779677,125.48234658237362,127.64865084724843,261.0582769195756,159.0797106024554,132.13803852802403,102.81402486353647,161.60264339062027,113.61115912898053,94.12939862809563,228.34323418356433,253.47091055044376,123.97706835434447
184,115.19318853390621,96.15595168169283,238.12024292721472,184.48286580069976,127.01690595207891,171.11692750146287,205.2260709680152,126.79501884704479,124.84260900606338,133.65078447546205,144.33403575992196,202.20884849451812,159.03516980753875,118.91509835088493,174.00446266982777,121.31177630639941,174.6490455338391,123.35433037376377,121.74186353332031,161.63971390593264,131.18420414472212,119.57359618498191,211.12191879067677,227.24239132201998,137.7413540481148
185,120.15927560657472,123.00285114398187,232.90616481294018,151.07721420432165,117.18358033663522,191.35504035701126,217.91279932512955,120.15390095975596,146.4110895730272,156.95903287220418,146.31488250724485,226.5872722101544,179.27760649240716,142.53908149742998,139.28416565548872,287.05158988434977,173.4561196574067,111.62987267873498,111.87547453473015,167.04818678588447,120.19370901465022,98.4253156248988,200.42816754571226,226.90642920174307,126.28839908061592
186,106.1170279233624,132.9551464813538,212.60426850860185,168.8383171108652,121.7636068902764,173.65973050971948,196.581263002641,123.6816991050543,135.12742970656987,137.0158167859225,146.230009275494,210.59847974058604,173.59589512559106,154.60951300549266,152.53377316412323,256.61708113184596,159.06349824215133,124.81077376021531,118.49951302307073,170.74408323340847,131.5994728707433,80.27826530293497,213.62378398238923,204.7398663264656,121.66885516751667
187,121.00972368809373,107.95088227492693,233.00178367984378,163.18973523635313,163.4947610679307,168.5464158386691,203.76776207075656,122.50420021272355,122.2568363069649,128.5751817302814,108.15930344183674,188.84420385167596,151.36184768028312,135.458576921145,177.26673027326072,213.08240787444296,166.1797249550177,124.68520299070721,114.64256462927223,162.2545471918934,139.51162634142685,113.31152220786596,203.24819661480302,202.92273808903195,122.7053388448809
188,107.1373171122959,110.96277122709395,238.569989947855,175.31019132695135,124.59047385736322,154.19563762176764,189.05064802846,131.28602096655692,132.42188659993715,153.07230996911133,113.58420577917872,206.1432334703669,160.5815583514886,143.9613719446919,131.55529042928634,211.27982908287922,174.36185132120877,108.79304552711547,115.793501949552,174.62812393229356,109.08649516118443,109.99042830209723,210.78410420547772,223.2875531103018,128.3127289875599
189,115.24046599432097,118.33750021605994,214.09550924657924,172.1741282523279,135.1351588117261,170.439647336353,204.01588047631597,119.89148092016849,125.62987154349939,130.64655186288067,139.7954283093386,208.4272379342715,160.4941266363291,149.05037199019787,123.70538146237188,224.77291861385052,177.04908769248527,122.44242012632438,131.2116827575577,189.67046700018756,134.29644980120563,108.06622017496704,216.491144535801,213.53122533655358,120.50688524770506
190,110.8940830748094,118.12842886194888,267.4763950226523,157.99231440919144,121.69966447859596,185.71983525068475,206.69795862695304,128.93588631099533,142.02976417738805,142.92948563088746,136.37812934743118,215.17656857242653,160.86320430680885,145.92914302242897,153.18362020626898,141.82761617302037,173.63145410317478,121.78693606123555,110.72264172444592,168.8505080215908,114.71569323708239,100.34783821234055,209.23754383627593,232.648710478079,115.73875217356505
191,124.95444019925546,118.96261872943234,236.6613793414949,174.4310057278034,129.5755763501046,162.2062323234525,180.37091901682436,151.56927448978223,144.70272596373295,126.16141659238065,142.83681326469843,216.74244204334997,160.13010369125675,155.05429053409782,167.5776453700844,231.57080689943416,182.39131359803548,119.29328368485342,120.83327055543651,165.80678424052525,96.46416170627107,131.46964870985084,209.50091569752135,238.62357676958848,110.2081489803505
192,112.21688338591598,127.19011994872048,241.51409547570762,165.11323166692216,139.4577924162109,165.53844261967825,187.11241965423642,135.90257128141087,128.78560692969953,120.25797570417171,150.80609080866617,202.62765184602665,164.80217764693128,153.1296730506245,148.900808523628,174.88877206754864,193.65457681436877,123.44629105694206,115.93231522819235,187.12740410063176,117.35810119789346,112.11690406132038,223.12304563534877,245.37929100366478,126.83210068898582
193,122.60866157228962,130.73047096791484,225.1202821081881,192.34336673846107,113.67714485371467,167.10894407006083,184.55690956809866,122.95982512406994,139.176960237652,150.27288232653376,107.23862424969954,179.91773695068014,166.67265479858386,160.4575168141239,162.67844973099312,228.92665876277525,174.16778165027546,117.4434297014202,111.83707843893804,163.01649484387286,127.6570550637427,82.90713503001348,244.94083116108786,258.119062142578,118.58704432997956
194,102.11058560320751,140.41458927010385,198.89303523679723,180.7804746184862,112.77472651281981,184.1668512923957,186.07979685383845,122.32932465481868,139.38299056840083,116.44111520897471,130.12492295375063,207.76989147547908,151.97121454360826,143.1012287261645,160.06460324295907,152.20224545782935,183.75996752569634,117.50899383457578,124.78516010724994,177.9663276173615,122.5599616634469,134.09922341230592,220.51189959600984,222.50418543224626,130.57153010701896
195,111.41739245165498,121.28134982149867,249.35398573108324,177.31356528340692,122.22386930611583,184.67861003166692,192.80527401973316,125.7011524641064,144.36743597890137,140.75873095776592,163.52712980675312,196.62505160078626,154.69402632045762,154.86821715243516,167.01896694994548,219.63307352149207,158.39242990107158,129.67029649233226,108.27885014946085,167.05167610012032,110.84883940769788,95.87043556836544,211.32801039819554,231.57707816994437,122.52004173018582
196,101.98793131396242,133.88338957285544,238.24891588800526,172.36085560433537,124.62048454066719,159.0837712581681,196.22457835090742,136.15002505522205,126.05873970481895,142.9547566922533,150.85198904409805,209.84372795804168,158.05600929248737,138.76727282896826,150.70927063254925,210.78029864858198,176.38118324151486,118.38454333582968,121.96861538784596,159.77859041166136,126.51202234625944,87.4932441069361,226.6148982201784,254.5810504408547,115.74971843762559
197,116.0723710918296,147.04034678153394,261.63499292186464,158.5763937721577,131.14630420402725,163.59102665359697,211.0367388514098,133.48679804972204,134.58448773786748,160.71271025737053,140.93090778499413,199.73282024170112,157.7442128538725,137.1291969485477,132.9604382097778,178.91944295192857,171.67524501784132,127.53757821617778,121.52884649652528,174.47200465554678,138.34939823158894,98.75410038657427,230.0142628840357,208.4769061297436,124.15760437263994
198,100.24635899800073,130.6854177997503,280.8796620590489,156.783647304769,118.28759362490248,164.14081731214247,193.78543400916234,118.74113824236102,126.24176303928513,137.2114090313802,173.91822390601806,223.08766453982184,159.39585959136568,149.65631468509153,166.7293545337611,168.47969847174335,173.20201998283414,124.33945357080928,122.84611205797903,165.7220279378423,134.15952958020745,117.39526884936774,225.45954980119046,205.03656217118166,105.8350184200963
199,118.77141021313209,122.30110608728593,223.92130311883147,157.90282611581202,137.15512205543496,167.16619761651552,196.83841351764883,135.8239156821991,142.29006015375097,132.12197174645163,180.4286192610785,197.43830182746146,149.2620900649921,140.57534129012873,145.91304129640386,172.03569980319753,164.76772324449928,120.7491893652086,130.74665617309938,163.90332258731064,138.01850707441125,120.25482292612843,204.8557092281572,203.5701260376463,123.08743795893601
200,108.22245563894872,124.1617848387709,205.6475299345221,185.0209617696813,134.95365207151477,159.3177350980074,213.24948672279564,136.94516767121303,142.77169499764972,141.33412376991035,138.02890872385714,203.5054793548211,172.44993137045282,165.7885825239365,135.7050744878197,214.14675533375856,186.8388663375456,113.58751707290244,110.0595148564734,177.96824454240536,116.35557582466076,111.75505315933265,204.9004110026048,244.29778534650694,129.71993650328713
